
{
	"allowSleep" : true,
	"autoClearForces" : true,
	"body" : 
	[
		
		{
			"angle" : 0.7882523536682129,
			"angularVelocity" : 0,
			"awake" : true,
			"fixture" : 
			[
				
				{
					"density" : 1,
					"friction" : 0.2,
					"name" : "fixture5",
					"polygon" : 
					{
						"vertices" : 
						{
							"x" : 
							[
								2.756930589675903,
								2.756930589675903,
								-2.756930589675903,
								-2.756930589675903
							],
							"y" : 
							[
								-2.756930589675903,
								2.756930589675903,
								2.756930589675903,
								-2.756930589675903
							]
						}
					}
				}
			],
			"linearVelocity" : 0,
			"name" : "body3",
			"position" : 
			{
				"x" : 0,
				"y" : -7.851022720336914
			},
			"type" : 0
		},
		
		{
			"angle" : -0.5235987901687622,
			"angularVelocity" : 0,
			"awake" : true,
			"fixture" : 
			[
				
				{
					"density" : 1,
					"friction" : 0.2,
					"name" : "fixture0",
					"polygon" : 
					{
						"vertices" : 
						{
							"x" : 
							[
								9.982578277587891,
								9.982578277587891,
								-9.868711471557617,
								-9.868711471557617
							],
							"y" : [ -0.5, 0.5, 0.5, -0.5 ]
						}
					},
					"restitution" : 0.1
				}
			],
			"linearVelocity" : 0,
			"name" : "leftbumper",
			"position" : 
			{
				"x" : -28.64313507080078,
				"y" : -9.661756515502930
			},
			"type" : 0
		},
		
		{
			"angle" : 0.5235987901687622,
			"angularVelocity" : 0,
			"awake" : true,
			"fixture" : 
			[
				
				{
					"density" : 1,
					"friction" : 0.2,
					"name" : "fixture0",
					"polygon" : 
					{
						"vertices" : 
						{
							"x" : 
							[
								10.09299468994141,
								10.09299468994141,
								-9.758295059204102,
								-9.758295059204102
							],
							"y" : [ -0.5, 0.5, 0.5, -0.5 ]
						}
					},
					"restitution" : 0.1
				}
			],
			"linearVelocity" : 0,
			"name" : "body0",
			"position" : 
			{
				"x" : 29.0,
				"y" : -9.750972747802734
			},
			"type" : 0
		},
		
		{
			"angle" : 0,
			"angularVelocity" : 0,
			"awake" : true,
			"fixture" : 
			[
				
				{
					"density" : 1,
					"friction" : 0.2,
					"name" : "fixture0",
					"polygon" : 
					{
						"vertices" : 
						{
							"x" : 
							[
								10.04259872436523,
								10.04259872436523,
								-9.808690071105957,
								-9.808690071105957
							],
							"y" : [ -0.5, 0.5, 0.5, -0.5 ]
						}
					},
					"restitution" : 1
				}
			],
			"linearVelocity" : 0,
			"name" : "body0",
			"position" : 
			{
				"x" : -0.2468223571777344,
				"y" : -15.50720024108887
			},
			"type" : 0
		},
		
		{
			"angle" : 0,
			"angularVelocity" : 0,
			"awake" : true,
			"fixture" : 
			[
				
				{
					"density" : 1,
					"friction" : 0.2,
					"name" : "fixture0",
					"polygon" : 
					{
						"vertices" : 
						{
							"x" : 
							[
								4.912647247314453,
								4.912647247314453,
								-21.44817733764648,
								-21.44817733764648
							],
							"y" : [ -0.5, 0.5, 0.5, -0.5 ]
						}
					}
				}
			],
			"linearVelocity" : 0,
			"name" : "body0",
			"position" : 
			{
				"x" : -43.47131729125977,
				"y" : -29.21640777587891
			},
			"type" : 0
		},
		
		{
			"angle" : 0,
			"angularVelocity" : 0,
			"awake" : true,
			"fixture" : 
			[
				
				{
					"density" : 1,
					"friction" : 0.2,
					"name" : "fixture4",
					"polygon" : 
					{
						"vertices" : 
						{
							"x" : 
							[
								65.14402008056641,
								65.14402008056641,
								-74.52111816406250,
								-74.52111816406250
							],
							"y" : [ -0.5, 0.5, 0.5, -0.5 ]
						}
					}
				}
			],
			"linearVelocity" : 0,
			"name" : "body6",
			"position" : 
			{
				"x" : 0.036437988281250,
				"y" : 16.85990905761719
			},
			"type" : 0
		},
		
		{
			"angle" : 0,
			"angularVelocity" : 0,
			"awake" : true,
			"fixture" : 
			[
				
				{
					"density" : 1,
					"friction" : 0.2,
					"name" : "fixture3",
					"polygon" : 
					{
						"vertices" : 
						{
							"x" : [ 0.5, 0.5, -0.5, -0.5 ],
							"y" : 
							[
								-28.67680549621582,
								49.03529357910156,
								49.03529357910156,
								-28.67680549621582
							]
						}
					}
				}
			],
			"linearVelocity" : 0,
			"name" : "body5",
			"position" : 
			{
				"x" : -29.90761184692383,
				"y" : -0.02580070495605469
			},
			"type" : 0
		},
		
		{
			"angle" : 0,
			"angularVelocity" : 0,
			"awake" : true,
			"fixture" : 
			[
				
				{
					"density" : 1,
					"friction" : 0.2,
					"name" : "fixture2",
					"polygon" : 
					{
						"vertices" : 
						{
							"x" : 
							[
								0.4467754364013672,
								0.4467754364013672,
								-0.446777343750,
								-0.446777343750
							],
							"y" : 
							[
								-8.253072738647461,
								69.94923400878906,
								69.94923400878906,
								-8.253072738647461
							]
						}
					}
				}
			],
			"linearVelocity" : 0,
			"name" : "body2",
			"position" : 
			{
				"x" : 30.16703414916992,
				"y" : -21.30490684509277
			},
			"type" : 0
		},
		
		{
			"angle" : 0,
			"angularVelocity" : 0,
			"awake" : true,
			"fixture" : 
			[
				
				{
					"density" : 1,
					"friction" : 0.2,
					"name" : "fixture1",
					"polygon" : 
					{
						"vertices" : 
						{
							"x" : 
							[
								0.4467754364013672,
								0.4467754364013672,
								-0.446777343750,
								-0.446777343750
							],
							"y" : 
							[
								-8.253072738647461,
								69.94923400878906,
								69.94923400878906,
								-8.253072738647461
							]
						}
					}
				}
			],
			"linearVelocity" : 0,
			"name" : "body1",
			"position" : 
			{
				"x" : 30.16703414916992,
				"y" : -21.30490684509277
			},
			"type" : 0
		},
		
		{
			"angle" : 0.5235987901687622,
			"angularVelocity" : 0,
			"awake" : true,
			"fixture" : 
			[
				
				{
					"density" : 1,
					"friction" : 0.2,
					"name" : "fixture0",
					"polygon" : 
					{
						"vertices" : 
						{
							"x" : 
							[
								10.09299468994141,
								10.09299468994141,
								-9.758295059204102,
								-9.758295059204102
							],
							"y" : [ -0.5, 0.5, 0.5, -0.5 ]
						}
					},
					"restitution" : 0.1
				}
			],
			"linearVelocity" : 0,
			"name" : "rightbumper",
			"position" : 
			{
				"x" : 29.0,
				"y" : -9.750972747802734
			},
			"type" : 0
		},
		
		{
			"angle" : 0,
			"angularVelocity" : 0,
			"awake" : true,
			"fixture" : 
			[
				
				{
					"density" : 1,
					"friction" : 0.2,
					"name" : "fixture0",
					"polygon" : 
					{
						"vertices" : 
						{
							"x" : 
							[
								21.71984481811523,
								21.71984481811523,
								-16.99143218994141,
								-16.99143218994141
							],
							"y" : [ -0.5, 0.5, 0.5, -0.5 ]
						}
					}
				}
			],
			"linearVelocity" : 0,
			"name" : "body0",
			"position" : 
			{
				"x" : 54.52343368530273,
				"y" : -29.21640777587891
			},
			"type" : 0
		},
		
		{
			"angle" : 0,
			"angularVelocity" : 0,
			"awake" : true,
			"linearVelocity" : 0,
			"massData-mass" : 1,
			"name" : "body4",
			"position" : 
			{
				"x" : 14.98568916320801,
				"y" : -15.49869155883789
			},
			"type" : 2
		}
	],
	"collisionbitplanes" : 
	{
		"names" : 
		[
			"bitplane1",
			"bitplane2",
			"bitplane3",
			"bitplane4",
			"bitplane5",
			"bitplane6",
			"bitplane7",
			"bitplane8",
			"bitplane9",
			"bitplane10",
			"bitplane11",
			"bitplane12",
			"bitplane13",
			"bitplane14",
			"bitplane15",
			"bitplane16",
			"bitplane17",
			"bitplane18",
			"bitplane19",
			"bitplane20",
			"bitplane21",
			"bitplane22",
			"bitplane23",
			"bitplane24",
			"bitplane25",
			"bitplane26",
			"bitplane27",
			"bitplane28",
			"bitplane29",
			"bitplane30",
			"bitplane31",
			"bitplane32"
		]
	},
	"continuousPhysics" : true,
	"gravity" : 
	{
		"x" : 0,
		"y" : -10
	},
	"positionIterations" : 10,
	"stepsPerSecond" : 60.0,
	"subStepping" : false,
	"velocityIterations" : 10,
	"warmStarting" : true
}
